{
  "1": 42.668425925399106,
  "10": 26.809984714773023,
  "11": 28.31012289045369,
  "12": 22.053769461483395,
  "13": 22.51700412558181,
  "14": 21.651230718746945,
  "15": 26.58856966574874,
  "16": 25.191308566110706,
  "17": 22.20022307848089,
  "18": 17.587826679465913,
  "19": 23.302514111903456,
  "2": 78.13349168022063,
  "20": 24.650766331409258,
  "21": 27.02859485833567,
  "22": 30.275807303532176,
  "23": 39.52095175231656,
  "24": 21.139921304716324,
  "25": 42.30183820310736,
  "26": 35.23674349291315,
  "27": 21.864878453597118,
  "28": 25.376226111975427,
  "29": 23.125891873523933,
  "3": 33.89173812020734,
  "30": 23.344400872497904,
  "31": 25.910592723464728,
  "32": 25.325863824093936,
  "33": 21.31260858977298,
  "34": 31.205276278585615,
  "35": 25.051165153678028,
  "36": 19.525969683554408,
  "37": 21.21097185733153,
  "38": 20.391848102330123,
  "39": 21.398810393541297,
  "4": 21.575223724683717,
  "40": 16.449189590053386,
  "41": 19.393734675144977,
  "42": 19.340381008651146,
  "43": 21.509576562647666,
  "44": 22.27946841509405,
  "45": 21.476609226578333,
  "46": 17.244209029651675,
  "47": 21.505157834551742,
  "48": 16.61865808894565,
  "49": 21.48747141094835,
  "5": 20.77317511791661,
  "50": 4.885732820350796,
  "6": 20.44091993336287,
  "7": 23.465994112299207,
  "8": 29.669417701226912,
  "9": 23.39530452443694
}
