{"1": 0.03916043272409616, "10": 0.0063439299143914964, "11": 0.006035640067301237, "12": 0.0, "13": 0.003975414708334334, "14": 0.0, "15": 0.0038387537444250523, "16": 0.026747593276184384, "17": 0.0024879838152699466, "18": 0.0, "19": 0.0, "2": 0.029325281243708846, "20": 0.0, "21": 0.00486567272743086, "22": 0.0033712386375041943, "23": 0.0053977346527718075, "24": 0.005214121496648584, "25": 0.005571225751144686, "26": 0.004587323172324436, "27": 0.005088372188156343, "28": 0.004022149350061646, "29": 0.01444058302277843, "3": 0.01978914068956324, "30": 0.004372224925401479, "31": 0.012888603712758441, "32": 0.006746846354961686, "33": 0.0, "34": 0.0035653149944085403, "35": 0.0035732641112431545, "36": 0.0021742274234868883, "37": 0.0020015065335859884, "38": 0.0030752267221562596, "39": 0.0029305159980932555, "4": 0.006116660936110641, "40": 0.0, "41": 0.0, "42": 0.0057525567552643465, "43": 0.006650682669170646, "44": 0.001905516683126767, "45": 0.006183107859777619, "46": 0.0, "47": 0.0, "48": 0.002554592466427656, "49": 0.0, "5": 0.0, "50": 0.0, "6": 0.006456085566346104, "7": 0.00816421413194461, "8": 0.018656227116404352, "9": 0.020122319605686872}