{"1": 0.016981559052194346, "10": 0.0, "11": 0.0, "12": 0.0, "13": 0.0, "14": 0.0, "15": 0.0, "16": 0.0, "17": 0.0, "18": 0.0, "19": 0.0, "2": 0.011505963482331195, "20": 0.0, "21": 0.0, "22": 0.0, "23": 0.011114462581307475, "24": 0.0, "25": 0.007981220577311012, "26": 0.0, "27": 0.0, "28": 0.019652493684696497, "29": 0.0, "3": 0.0, "30": 0.0, "31": 0.0, "32": 0.060749192193604, "33": 0.0, "34": 0.010819333836707957, "35": 0.0, "36": 0.0, "37": 0.0, "38": 0.0, "39": 0.0, "4": 0.0, "40": 0.0, "41": 0.0, "42": 0.0, "43": 0.0, "44": 0.0, "45": 0.0, "46": 0.0, "47": 0.0, "48": 0.0, "49": 0.0, "5": 0.0, "50": 0.0, "6": 0.0, "7": 0.014387641107766448, "8": 0.019333266696422692, "9": 0.0}